",""Dates"",""AAPL"",""MSFT"",""AMZN"",""FB"",""GOOGL"",""TSLA"",""NVDA"",""BAC"",""NFLX"",""KO"""
"1,""2013-01-01"",16.207994,22.254688,268.459991,29.42,367.742737,6.868,2.951945,10.562924,14.171429,28.252762"
"2,""2013-01-08"",15.522738,22.421453,272.730011,30.950001,361.987,6.652,2.820184,10.021234,14.778571,28.01796"
"3,""2013-01-15"",15.468597,22.72163,272.119995,29.66,352.607605,6.904,2.813248,9.732919,14.167143,28.555742"
"4,""2013-01-22"",13.916477,23.271952,276.040009,32.470001,375.740753,7.606,2.91496,10.029974,23.158571,28.033102"
"5,""2013-01-29"",13.684141,22.880056,259.980011,28.110001,379.889893,7.548,2.810936,10.029974,24.962856,28.290634"
"6,""2013-02-05"",14.847687,23.230265,257.209991,28.26,391.601593,7.684,2.891843,10.361978,25.412857,29.245022"
"7,""2013-02-12"",14.319027,23.355333,265.089996,28.32,396.841827,7.408,2.942699,10.510505,27.072857,28.343657"
"8,""2013-02-19"",13.778824,22.821686,259.869995,27.27,395.780792,6.876,2.843299,9.636814,25.617144,28.5709"
"9,""2013-02-26"",13.070904,23.666407,273.109985,27.719999,411.161163,7.116,2.926517,9.968816,25.887142,29.404087"
"10,""2013-03-05"",13.625417,23.431004,271.23999,28.139999,417.82782,7.82,2.953774,10.624894,25.77857,29.775242"
"11,""2013-03-12"",14.180866,23.624367,257.890015,26.49,404.299286,7.03,2.918888,10.98343,26.512857,29.358635"
"12,""2013-03-19"",14.425447,23.674812,256.019989,25.129999,405.22522,7.506,2.886326,10.843512,25.827143,30.60874"
"13,""2013-03-26"",13.346605,24.053139,261.609985,25.530001,400.996002,8.786,2.886326,10.624894,26.061428,30.860506"
"14,""2013-04-02"",13.262589,24.036322,258.950012,26.85,387.812805,8.366,2.890978,10.677361,23.294287,31.173315"
"15,""2013-04-09"",13.064682,24.120396,267.720001,26.52,391.356354,8.66,2.981684,10.476234,25.214287,30.585859"
"16,""2013-04-16"",12.40561,25.919544,263.549988,25.969999,400.455444,10.038,2.928191,10.248869,24.91,32.592369"
"17,""2013-04-23"",13.384259,27.41604,249.740005,26.98,409.939941,10.988,3.15612,10.82602,30.715714,32.226173"
"18,""2013-04-30"",14.336144,28.374462,255.720001,27.57,431.206207,11.9,3.216591,11.263263,30.098572,32.104092"
"19,""2013-05-07"",14.150369,27.769142,264.51001,26.82,439.204193,17.559999,3.311949,11.35071,32.76857,32.188011"
"20,""2013-05-14"",13.874102,29.492632,267.630005,25.76,454.719727,17.988001,3.451498,11.814179,34.221428,32.332966"
"21,""2013-05-21"",13.943639,29.013674,261.73999,24.309999,437.097107,19.416,3.381723,11.578074,32.677143,32.226173"
"22,""2013-05-28"",14.11811,30.131207,266.880005,23.85,434.249237,18.518,3.377862,11.84916,31.709999,31.135168"
"23,""2013-06-04"",13.747553,30.029619,281.070007,24.33,445.555542,20.01,3.375524,11.630541,31.561428,31.417452"
"24,""2013-06-11"",13.531735,29.631704,278.059998,24.02,443.568573,20.440001,3.387213,11.560491,32.747143,31.035986"
"25,""2013-06-18"",12.608949,28.548029,270.609985,23.940001,435.330322,20.298,3.30072,10.764121,30.799999,30.367071"
"26,""2013-06-25"",12.818188,29.089867,282.100006,24.809999,444.384369,23.436001,3.296046,11.315455,32.040001,31.081505"
"27,""2013-07-02"",13.000805,29.06447,290.589996,24.709999,452.997986,24.322001,3.312409,11.621752,33.299999,31.142958"
"28,""2013-07-09"",13.388904,30.62225,306.570007,26.280001,462.8078,25.452,3.415264,12.146832,36.854286,31.504019"
"29,""2013-07-16"",13.353505,27.100309,303.480011,26.049999,455.805817,24.486,3.326435,13.05697,37.422855,31.373419"
"30,""2013-07-23"",14.026334,26.702402,306.100006,35.43,441.576569,26.924,3.312409,12.706916,34.994286,30.94322"
"31,""2013-07-30"",14.704799,26.83786,300.98999,39.189999,452.952942,28.936001,3.466692,12.951953,36.262856,30.950909"
"32,""2013-08-06"",14.639337,27.828407,296.690002,38.220001,443.198212,29.476,3.359162,12.610649,36.657143,30.59753"
"33,""2013-08-13"",16.009178,26.575405,285.570007,37.810001,433.25827,28.98,3.494744,12.383116,37.111427,29.790918"
"34,""2013-08-20"",15.858789,29.115816,286.209991,41.34,433.628632,32.844002,3.504094,12.680661,40.388573,29.283903"
"35,""2013-08-27"",15.362185,28.47637,280.980011,41.290001,423.873871,33.799999,3.465376,12.356863,40.558571,29.329998"
"36,""2013-09-03"",15.959685,26.99287,299.709991,44.040001,444.469482,32.139999,3.554653,12.671912,42.021427,29.59119"
"37,""2013-09-10"",14.192412,27.964815,296.059998,42.509998,444.32431,33.316002,3.714413,12.724597,43.165714,29.852373"
"38,""2013-09-17"",15.470024,27.91366,311.48999,47.189999,443.693695,36.222,3.674473,12.383055,43.148571,29.891512"
"39,""2013-09-24"",15.032064,28.37406,312.640015,50.23,438.393402,38.674,3.655679,12.0853,44.172855,29.311171"
"40,""2013-10-01"",15.378894,28.391102,310.029999,50.52,433.303314,36.613998,3.662727,12.094057,45.451427,28.668928"
"41,""2013-10-08"",15.640277,29.371578,310.700012,49.509998,438.4935,35.944,3.639232,12.566961,46.337143,29.334375"
"42,""2013-10-15"",16.438633,29.831984,326.440002,53.849998,502.152161,34.52,3.723811,12.715838,50.712856,30.038532"
"43,""2013-10-22"",16.707264,30.326481,358.160004,50.23,508.007996,32.571999,3.573448,12.461869,44.857143,30.649822"
"44,""2013-10-29"",16.60858,30.641935,358.73999,48.220001,513.568542,35.040001,3.481822,12.295478,48.228573,30.572439"
"45,""2013-11-05"",16.365793,32.048698,354.380005,46.200001,505.800812,28.940001,3.686221,12.610749,48.272858,30.851"
"46,""2013-11-12"",16.448027,31.716194,366.179993,45.830002,516.291321,24.316,3.707365,13.066137,48.824287,31.083143"
"47,""2013-11-19"",16.610086,32.091331,376.640015,44.82,523.488464,24.167999,3.643931,13.845551,50.034286,31.237911"
"48,""2013-11-26"",17.481918,33.030548,392.299988,47.060001,527.767761,24.834,3.720357,13.775488,51.988571,31.0135"
"49,""2013-12-03"",17.963974,33.253899,384.890015,48.84,539.609619,28.32,3.592802,13.64413,50.810001,31.48012"
"50,""2013-12-10"",17.680763,31.69042,388.970001,53.810001,537.027039,29.587999,3.552646,13.354969,52.330002,30.599604"
"51,""2013-12-17"",18.080046,31.458475,402.920013,57.77,558.108093,28.709999,3.727444,13.749311,54.368572,31.293104"
"52,""2013-12-24"",17.586252,32.034046,393.369995,53.709999,555.285278,30.488001,3.772324,13.617863,52.427143,32.017765"
"53,""2013-12-31"",17.250399,31.03754,393.630005,57.200001,559.219238,29.4,3.751065,14.59933,51.367142,31.378815"
"54,""2014-01-07"",16.990343,30.049637,390.980011,55.91,562.052063,27.868,3.628234,14.397779,48.115715,30.802189"
"55,""2014-01-14"",17.147018,31.252312,399.609985,56.299999,575.84082,34.001999,3.777048,14.906038,47.148571,30.607397"
"56,""2014-01-21"",17.458759,30.951637,386.279999,53.549999,551.166138,33.924,3.651855,14.292625,54.46143,30.178833"
"57,""2014-01-28"",15.905712,31.338207,346.149994,61.48,567.282288,35.422001,3.658942,14.327676,57.76857,28.986631"
"58,""2014-02-04"",16.776585,31.613113,360.869995,63.549999,587.052063,39.312,3.760514,14.651908,61.491428,30.054157"
"59,""2014-02-11"",17.355568,32.317539,357.350006,67.089996,602.002014,39.646,4.230577,14.63438,62.215714,30.334663"
"60,""2014-02-18"",16.83107,32.37767,351.779999,70.779999,606.861877,43.529999,4.466791,14.48541,63.857143,29.220388"
"61,""2014-02-25"",16.837763,32.698341,359.779999,67.410004,601.94696,50.112,4.320338,14.28386,63.655712,29.703512"
"62,""2014-03-04"",16.938585,32.732979,370.529999,72.029999,606.391418,47.768002,4.292391,15.30914,62.849998,30.116499"
"63,""2014-03-11"",16.805225,32.932034,375.040009,68.739998,596.646667,46.796001,4.228323,15.002638,60.388573,29.820396"
"64,""2014-03-18"",17.202436,35.05249,351.850006,64.099998,579.544556,44.034,4.37781,15.230615,54.128571,30.158764"
"65,""2014-03-25"",17.124271,35.476582,336.369995,60.240002,557.812805,41.689999,4.24968,15.081548,50.290001,30.362967"
"66,""2014-04-01"",16.700895,34.446648,317.76001,56.950001,540.630005,41.504002,4.320863,14.36255,48.285713,30.331543"
"67,""2014-04-08"",16.643791,33.910049,315.910004,58.889999,545.200012,39.618,4.346964,14.029352,47.368572,30.41795"
"68,""2014-04-15"",16.946558,34.567814,330.869995,61.240002,539.369995,40.875999,4.439503,14.108267,49.784286,32.004417"
"69,""2014-04-22"",18.953978,35.37273,296.579987,56.139999,522.97998,39.702,4.425265,13.108675,44.887142,32.224327"
"70,""2014-04-29"",19.173159,34.126419,310.049988,61.220001,535.330017,43.321999,4.420519,13.222663,49.197144,32.012268"
"71,""2014-05-06"",18.913771,34.593781,302.859985,59.830002,538.429993,36.933998,4.408658,13.213893,49.349998,32.059387"
"72,""2014-05-13"",19.396698,34.40337,296.76001,59.209999,538.830017,39.217999,4.399166,12.86316,52.07143,31.973"
"73,""2014-05-20"",19.702766,34.968563,312.23999,61.349998,563.799988,41.459999,4.387302,12.907002,57.478573,31.870911"
"74,""2014-05-27"",20.168606,35.552532,308.839996,63.080002,564.340027,40.939999,4.514776,13.38049,60.294285,32.090805"
"75,""2014-06-03"",21.042849,35.970901,327.5,62.880001,570.72998,41.062,4.540997,13.889058,60.441429,32.13007"
"76,""2014-06-10"",20.705982,36.171371,327.619995,64.190002,552.299988,44.922001,4.643497,13.398028,61.465714,31.933723"
"77,""2014-06-17"",20.398317,36.598473,327.23999,65.370003,574.289978,47.444,4.45995,13.713691,62.78857,33.020573"
"78,""2014-06-24"",20.869926,36.345688,324.779999,67.290001,584.669983,48.012001,4.419428,13.485616,62.942856,33.519085"
"79,""2014-07-01"",21.552641,36.598473,333.549988,65.290001,590.76001,44.532001,4.457567,13.985733,65.802856,33.344997"
"80,""2014-07-08"",21.660439,36.729198,355.320007,67.900002,594.26001,45.34,4.598207,13.661097,64.654289,33.534912"
"81,""2014-07-15"",21.096752,39.082516,359.76001,69.400002,598.440002,44.108002,4.421811,13.617229,64.564285,33.550735"
"82,""2014-07-22"",22.237598,38.32423,320.410004,74.919998,599.02002,44.964001,4.223961,13.59968,60.665714,32.18972"
"83,""2014-07-29"",21.4673,37.801266,313.649994,73.510002,582.27002,47.703999,4.207276,13.204851,60.385715,31.176878"
"84,""2014-08-05"",21.557135,37.653095,318.329987,73.440002,577.25,51.863998,4.505242,13.354008,64.505714,31.311384"
"85,""2014-08-12"",22.379808,39.317856,334.529999,74.589996,592.700012,51.987999,4.600589,13.555809,66.571426,32.719883"
"86,""2014-08-19"",22.916962,39.370144,334.019989,75.019997,590.570007,52.509998,4.555301,14.292824,68.704285,32.767357"
"87,""2014-08-26"",23.133625,39.84407,339.040009,74.82,582.359985,53.939999,4.656855,14.117345,68.234283,33.012672"
"88,""2014-09-02"",22.199257,40.756199,342.339996,77.889999,601.630005,56.422001,4.738261,14.345468,68.475716,33.060131"
"89,""2014-09-09"",22.937275,40.554482,323.890015,74.580002,581.640015,50.771999,4.515594,14.732931,65.39286,32.838577"
"90,""2014-09-16"",22.808624,41.273659,324.5,76.800003,597.27002,50.006001,4.522777,14.988158,63.254288,33.651688"
"91,""2014-09-23"",22.594215,40.729897,321.820007,79,587.809998,49.051998,4.434191,14.970558,64.222855,33.675606"
"92,""2014-09-30"",22.483624,40.42292,322.200012,77.559998,587.780029,52.124001,4.338418,15.21699,66.211426,34.751629"
"93,""2014-10-07"",22.52651,38.282948,306.450012,72.989998,544.75,44.917999,4.019981,14.433696,62.654285,35.126255"
"94,""2014-10-14"",22.515226,38.660072,306.209991,76.949997,532.380005,46.094002,4.206732,14.310478,51.317142,34.504547"
"95,""2014-10-21"",23.722687,40.265045,289.970001,80.279999,549.880005,44.334,4.427006,14.600916,54.200001,32.487991"
"96,""2014-10-28"",24.690916,41.606922,305.720001,73.879997,563.77002,48.518002,4.757415,15.199385,55.487144,33.324905"
"97,""2014-11-04"",24.562273,42.878635,305.109985,75,558.22998,48.386002,4.793329,15.287395,55.324287,33.787186"
"98,""2014-11-11"",25.838409,43.378563,323.049988,74.239998,546.640015,50.796001,4.716712,15.040967,54.44857,34.209621"
"99,""2014-11-18"",26.890165,41.738487,335.640015,74.010002,547.47998,49.344002,4.927408,15.120175,50.924286,35.285656"
"100,""2014-11-25"",26.083208,42.910786,326,75.099998,539.650024,46.327999,4.948261,14.776934,48.830002,35.508842"
"101,""2014-12-02"",25.477989,42.098824,306.640015,76.519997,530.72998,42.872002,5.001157,15.542626,48.497143,34.622662"
"102,""2014-12-09"",24.53277,41.18977,306.070007,76.989998,515.840027,40.807999,4.705416,14.873104,46.720001,32.560078"
"103,""2014-12-16"",25.600401,42.345947,306.540009,81.449997,532.299988,44.52,4.99635,15.632204,48.097141,33.988644"
"104,""2014-12-23"",25.820274,41.878185,312.040009,80.019997,537.309998,45.141998,4.943453,15.985279,48.847141,34.397942"
"105,""2014-12-30"",24.083961,40.88969,302.190002,77.190002,519.460022,42.018002,4.758314,15.340919,47.311428,33.820103"
"106,""2015-01-06"",24.763979,41.127995,291.410004,76.720001,497.059998,40.442001,4.734269,14.723052,45.547142,34.221382"
"107,""2015-01-13"",24.025024,40.810265,290.73999,75.18,510.459991,38.613998,4.799188,13.575568,48.191429,34.133099"
"108,""2015-01-20"",25.636669,41.489845,309.660004,77.5,536.719971,41.310001,4.957879,13.990428,63.794285,34.510303"
"109,""2015-01-27"",26.890165,36.432697,364.470001,74.989998,532.200012,42.188,4.717438,13.646184,63.009998,33.378685"
"110,""2015-02-03"",27.137239,37.385876,370.559998,74.440002,529.280029,43.495998,4.900173,14.431763,63.295715,33.089764"
"111,""2015-02-10"",28.919235,38.718563,381.829987,75.739998,551.159973,40.754002,5.364222,14.661261,66.585716,33.699703"
"112,""2015-02-17"",30.266434,38.965683,380.140015,78.839996,535,41.467999,5.328156,14.299365,67.405716,33.587345"
"113,""2015-02-24"",29.376642,39.002995,385.660004,79.75,575.02002,39.466,5.433952,14.131656,68.60714,34.670815"
"114,""2015-03-03"",28.932886,38.087475,378.559998,79.440002,574.099976,38.175999,5.457289,14.272882,63.66143,33.218174"
"115,""2015-03-10"",28.434515,36.940845,373.350006,78.07,561.640015,39.139999,5.544179,14.282095,60.281429,32.33535"
"116,""2015-03-17"",28.948816,38.096375,375.109985,84.43,565.369995,39.925999,5.481425,13.919066,60.714287,32.870705"
"117,""2015-03-24"",28.757666,36.407543,374.589996,83.199997,561.140015,38.113998,5.182129,13.74198,60.367142,32.781689"
"118,""2015-03-31"",28.980677,36.931957,377.040009,82.440002,543.950012,40.619999,5.230404,13.733124,60.330002,33.315773"
"119,""2015-04-07"",28.866896,37.118622,382.359985,83.010002,548.640015,41.956001,5.442806,13.989904,67.811432,32.935448"
"120,""2015-04-14"",29.037567,38.140797,389.51001,83.089996,544.530029,41.054001,5.331778,13.78625,81.055717,32.90308"
"121,""2015-04-21"",30.186777,42.691746,438.559998,81.910004,566.119995,46.310001,5.358328,13.777398,80.868568,33.040649"
"122,""2015-04-28"",29.287893,42.87841,423.040009,78.809998,552.840027,46.102001,5.457289,14.556581,79.271431,33.145851"
"123,""2015-05-05"",28.746279,42.105095,432.850006,78.010002,545.780029,47.897999,4.979382,14.600854,84.278572,33.129662"
"124,""2015-05-12"",29.750723,42.673965,425.23999,80.879997,546.669983,49.75,5.133857,14.618563,88.267143,33.437164"
"125,""2015-05-19"",30.287741,41.687344,427.630005,80.540001,554.52002,49.546001,5.034897,14.831068,88.83857,33.348141"
"126,""2015-05-26"",29.830704,42.253487,430.920013,80.290001,549.210022,49.889999,5.426776,14.653982,89.002853,33.129662"
"127,""2015-06-02"",29.204567,40.911545,423.5,80.669998,543.47998,51.257999,5.274013,15.123262,89.604286,32.498463"
"128,""2015-06-09"",29.003471,40.687878,423.670013,80.709999,543,50.076,5.109124,15.51498,93.431427,32.037201"
"129,""2015-06-16"",29.161148,41.35886,436.290009,84.739998,559.679993,51.958,5.281287,15.51498,96.414284,33.027657"
"130,""2015-06-23"",28.457308,39.694847,429.859985,85.800003,541.25,52.403999,4.878765,14.999887,92.23143,32.146488"
"131,""2015-06-30"",28.793232,39.712734,436.040009,87.550003,545.619995,55.944,4.890888,15.044289,94.571426,32.1628"
"132,""2015-07-07"",28.71554,40.741566,455.570007,90.099998,571.72998,52.431999,4.820569,15.115335,101.087143,33.174526"
"133,""2015-07-14"",30.18034,41.976162,488.100006,97.910004,692.840027,56.452,4.776922,16.092241,110.550003,33.761974"
"134,""2015-07-21"",28.055122,40.571575,531.409973,94.169998,658.27002,50.602001,4.682353,15.692595,106.43,33.076622"
"135,""2015-07-28"",27.065639,41.87775,535.030029,94.139999,664.719971,51.998001,4.919987,15.781408,112.559998,33.892517"
"136,""2015-08-04"",27.358141,42.34296,524,94.150002,663.140015,48.228001,5.766255,16.021191,123.029999,34.006748"
"137,""2015-08-11"",26.894323,42.334003,535.219971,93.93,694.109985,50.998001,5.671685,15.781408,125.360001,33.737495"
"138,""2015-08-18"",23.671417,37.28828,463.369995,82.089996,618.109985,43.773998,5.02183,13.578937,96.879997,31.314276"
"139,""2015-08-25"",25.884293,39.191154,512.890015,89.43,647.820007,49.812,5.47396,14.511433,115.029999,32.081219"
"140,""2015-09-01"",25.083155,38.371666,499,88.260002,628.960022,48.386002,5.296203,13.898648,98.790001,31.428503"
"141,""2015-09-08"",26.469654,38.758896,521.380005,92.309998,652.469971,50.638,5.525097,14.21959,95.690002,31.085814"
"142,""2015-09-15"",26.446695,39.722477,548.390015,95.550003,666.97998,52.84,5.72964,13.987944,100.300003,32.252178"
"143,""2015-09-22"",25.810837,38.984035,504.059998,89.209999,624.25,49.686001,5.673635,13.783026,99.470001,32.531979"
"144,""2015-09-29"",25.429779,41.99181,543.679993,94.010002,671.679993,49.23,6.189861,13.979034,111.25,33.749973"
"145,""2015-10-06"",25.61801,42.325008,550.190002,94.260002,676.429993,43.116001,6.416319,13.827575,113.449997,34.564716"
"146,""2015-10-13"",25.647858,42.883335,573.150024,98.470001,699.950012,45.619999,6.771834,14.379964,101.690002,34.556496"
"147,""2015-10-20"",26.462763,48.853863,608.609985,103.769997,731.119995,43.051998,6.930111,14.709617,103.040001,35.050262"
"148,""2015-10-27"",27.81712,47.944336,628.349976,103.309998,747.73999,42.757999,6.988552,15.19964,107.639999,34.762234"
"149,""2015-11-03"",27.677097,48.772816,655.48999,106.489998,754.77002,45.066002,7.648448,15.752032,109.860001,34.186142"
"150,""2015-11-10"",26.322449,48.421608,647.809998,104.040001,750.419983,42.862,7.402508,15.529294,111.349998,34.531796"
"151,""2015-11-17"",27.145456,48.799847,678.98999,106.949997,776.700012,43.549999,7.529131,15.56493,125.029999,35.354763"
"152,""2015-11-24"",27.272253,49.273808,664.799988,104.239998,762.849976,46.051998,7.753262,15.529294,123.330002,35.074959"
"153,""2015-12-01"",27.267645,50.59745,669.830017,105.610001,772.98999,46.226002,8.093019,15.627295,125.360001,35.824932"
"154,""2015-12-08"",25.930548,49.990025,657.909973,104.660004,762.539978,43.716,7.96103,15.01013,120.669998,35.202969"
"155,""2015-12-15"",24.743294,49.708984,664.51001,104.769997,760.799988,46.512001,8.04169,15.162017,116.629997,35.476635"
"156,""2015-12-22"",24.625719,50.724377,675.200012,105.93,782.23999,45.790001,8.100351,15.304973,117.110001,36.065426"
"157,""2015-12-29"",24.286831,49.681782,636.98999,102.220001,759.440002,44.681999,7.912142,14.679554,109.959999,35.16151"
"158,""2016-01-05"",22.714588,47.415287,617.73999,97.510002,733.070007,41.57,7.254628,13.678876,114.970001,34.481503"
"159,""2016-01-12"",22.391834,46.227634,570.179993,94.970001,710.48999,40.998001,6.62645,12.919436,104.040001,34.415154"
"160,""2016-01-19"",22.924374,46.952915,596.530029,97.010002,733.619995,39.276001,6.946651,11.579246,99.120003,34.962479"
"161,""2016-01-26"",22.230463,49.600189,574.809998,115.089996,770.77002,39.388,7.161747,12.472705,94.089996,35.659073"
"162,""2016-02-02"",21.903103,44.795204,488.100006,99.75,704.159973,29.598,6.164479,10.962758,83.32,35.368832"
"163,""2016-02-09"",21.785532,45.783401,507.079987,102.010002,706.890015,30.208,6.289138,10.676849,87.400002,35.750294"
"164,""2016-02-16"",22.455389,47.732597,559.5,107.160004,729.049988,35.548,7.704378,11.20399,91.93,36.438599"
"165,""2016-02-23"",22.411352,46.459106,552.52002,106.919998,717.219971,38.386002,7.665269,11.186124,93.410004,35.766884"
"166,""2016-03-01"",23.612007,46.596069,562.799988,105.730003,712.799988,41.057999,7.933608,12.088515,95.489998,36.496647"
"167,""2016-03-08"",23.762661,48.550125,573.369995,109.889999,750.23999,43.029999,7.923795,12.233171,98.129997,37.558136"
"168,""2016-03-15"",24.548414,49.180157,553.97998,111.849998,762.159973,47.664001,8.31876,12.412542,101.059998,38.168613"
"169,""2016-03-22"",24.381531,48.887974,579.869995,113.690002,753.280029,46.051998,8.544451,12.215235,101.209999,38.27726"
"170,""2016-03-29"",25.756021,50.613758,593.190002,112.550003,765.119995,49.397999,8.782412,12.116578,104.349998,39.188229"
"171,""2016-04-05"",25.269268,49.591076,595.929993,108.989998,757.539978,49.984001,8.802035,11.632273,102.68,38.812138"
"172,""2016-04-12"",24.912319,51.554253,635.349976,110.449997,787.679993,50.776001,9.069436,12.708507,108.400002,38.628269"
"173,""2016-04-19"",24.356033,47.58223,626.200012,110.099998,742.210022,50.363998,8.941868,13.417027,93.559998,37.366291"
"174,""2016-04-26"",21.704407,46.212555,683.849976,118.57,714.409973,48.360001,8.831477,13.246622,93.110001,37.591949"
"175,""2016-05-03"",21.507395,45.719479,679.75,119.239998,729.130005,41.784,8.654844,12.547071,90.540001,37.80925"
"176,""2016-05-10"",21.892521,47.326557,710.659973,118.669998,730.299988,41.658001,10.349999,12.493258,89.120003,38.126816"
"177,""2016-05-17"",22.487173,45.682945,696.75,115.970001,717.25,43.243999,10.892153,12.977564,94.889999,36.747845"
"178,""2016-05-24"",23.4013,48.10812,712.23999,119.379997,747.599976,44.608002,11.260131,13.345276,103.300003,37.424801"
"179,""2016-05-31"",23.000206,47.93343,726.72998,118.790001,730.059998,44.136002,11.372994,13.022408,100.739998,37.917885"
"180,""2016-06-07"",22.699381,46.103619,715.23999,113.949997,731.880005,43.574001,11.50827,12.238671,93.849998,37.708946"
"181,""2016-06-14"",22.177019,46.039257,714.01001,113.370003,706.130005,43.939999,11.697659,12.184677,93.800003,37.880222"
"182,""2016-06-21"",21.463438,44.531281,691.359985,108.970001,681.140015,39.709999,11.127039,10.960809,85.330002,36.869644"
"183,""2016-06-28"",22.361246,47.041504,725.679993,114.190002,710.25,43.299999,11.476295,11.78872,96.669998,37.998123"
"184,""2016-07-05"",22.615433,48.356396,753.780029,117.870003,727.200012,44.956001,12.794619,11.887708,94.669998,38.377102"
"185,""2016-07-12"",23.280043,49.616104,736.070007,119.370003,753.200012,45.25,13.028277,12.697621,98.809998,38.427628"
"186,""2016-07-19"",22.699381,52.163124,739.609985,121.629997,757.52002,46.001999,13.694818,12.931598,87.660004,38.377102"
"187,""2016-07-26"",24.730524,52.025185,767.73999,124.309998,800.940002,46.001999,13.953071,12.895598,94.370003,36.591717"
"188,""2016-08-02"",25.271544,53.386044,766.559998,125.260002,805.22998,45.231998,14.447442,13.615521,95.110001,36.583305"
"189,""2016-08-09"",25.668699,53.441208,768.48999,123.900002,805.960022,45.118,15.490295,13.516534,95.309998,37.257034"
"190,""2016-08-16"",25.441269,53.027435,759.47998,124.150002,796.950012,44.585999,15.377154,13.660518,95.260002,36.835957"
"191,""2016-08-23"",25.045033,53.755787,771.289978,126.540001,795.820007,43.040001,15.246797,14.254453,97.300003,36.667522"
"192,""2016-08-30"",25.258389,53.357933,772.440002,126.510002,796.869995,39.556,15.407956,14.398438,97.379997,36.768585"
"193,""2016-09-06"",24.721476,52.784294,771.48999,128.690002,798.820007,39.66,14.969348,14.375038,99.050003,36.372761"
"194,""2016-09-13"",26.629982,52.673267,775.099976,128.649994,795.390015,41.268002,15.688859,14.094769,98.059998,35.454823"
"195,""2016-09-20"",26.46586,52.645512,799.159973,127.309998,802.650024,41.798,15.853957,13.642724,94.559998,35.702019"
"196,""2016-09-27"",26.381454,53.126629,836.73999,128.770004,800.380005,42.740002,16.866697,14.130934,102.629997,35.685043"
"197,""2016-10-04"",27.209099,53.700272,841.710022,130.240005,814.169983,40.189999,16.534042,14.736671,103.330002,35.430336"
"198,""2016-10-11"",27.560793,52.941593,812.950012,127.540001,806.840027,38.792,16.166895,14.510652,99.800003,35.319954"
"199,""2016-10-18"",27.584236,56.438961,838.090027,133.279999,835.73999,40.551998,17.423578,15.161593,127.330002,36.13504"
"200,""2016-10-25"",26.620604,55.439713,789.820007,130.990005,809.900024,39.546001,17.53447,14.917493,124.870003,35.999191"
"201,""2016-11-01"",25.886742,55.902306,784.929993,122.150002,802.030029,38.641998,17.561571,15.378582,124.580002,36.050133"
"202,""2016-11-08"",24.912027,53.7743,719.070007,115.080002,753.219971,36.290001,20.609655,18.154139,113.379997,34.954865"
"203,""2016-11-15"",26.330729,56.309422,780,121.769997,784.799988,36.903999,22.91111,18.380159,117.959999,35.116199"
"204,""2016-11-22"",26.293022,56.456951,766.77002,120.410004,785.789978,39.223999,23.189554,18.353035,116.93,35.447323"
"205,""2016-11-29"",25.713291,56.09367,759.359985,117.43,778.219971,37.360001,22.673952,19.745333,119.160004,34.4879"
"206,""2016-12-06"",26.700722,57.910061,760.119995,117.769997,807.900024,38.486,22.108833,20.517324,122.830002,35.87542"
"207,""2016-12-13"",27.487833,59.260708,766,119.239998,812.5,40.546001,25.08004,20.399353,125.449997,35.67849"
"208,""2016-12-20"",27.459555,58.90675,760.590027,117.269997,807.799988,42.667999,27.091284,20.508251,125.589996,35.618553"
"209,""2016-12-27"",27.294592,57.882126,749.869995,115.050003,792.450012,42.737999,26.341076,20.054525,123.800003,35.498684"
"210,""2017-01-03"",28.041647,58.347855,796.919983,124.900002,827.179993,46.256001,26.474335,20.462877,130.949997,35.378822"
"211,""2017-01-10"",28.053432,58.403744,817.140015,128.339996,830.940002,47.549999,25.524239,20.880301,133.699997,35.002087"
"212,""2017-01-17"",28.298521,58.645939,817.880005,128.929993,844.429993,49.784,25.933893,20.471952,137.389999,35.473011"
"213,""2017-01-24"",28.663795,60.667236,830.380005,130.979996,823.830017,50.125999,27.150509,20.825855,141.220001,35.430195"
"214,""2017-01-31"",30.704651,59.279339,807.640015,132.059998,821.619995,51.554001,28.94952,20.980124,140.970001,35.584309"
"215,""2017-02-07"",31.41164,60.285328,836.530029,134.050003,838.960022,56.119999,26.745792,21.234205,143.199997,34.779465"
"216,""2017-02-14"",32.122978,60.192184,845.070007,133.529999,846.549988,54.445999,26.462,22.250551,142.220001,35.301754"
"217,""2017-02-21"",32.409367,60.191631,848.640015,136.410004,849.669983,49.245998,25.766087,22.295916,143.410004,35.67849"
"218,""2017-02-28"",32.979771,60.229099,846.609985,137.419998,847.27002,50.242001,24.133217,22.912977,141.940002,36.115158"
"219,""2017-03-07"",32.946636,60.641441,854.590027,139.600006,864.580017,49.234001,25.166056,23.028328,143.520004,35.986729"
"220,""2017-03-14"",33.481556,60.847607,856.969971,139.940002,867.909973,52.383999,27.043932,22.24555,145.830002,36.433929"
"221,""2017-03-21"",33.344273,61.006916,846.820007,140.320007,838.51001,54.043999,26.747427,20.962154,144.059998,36.554852"
"222,""2017-03-28"",34.011723,61.428635,891.51001,142.279999,856.75,59.703999,26.779547,21.471867,146.919998,36.632599"
"223,""2017-04-04"",33.886284,61.409885,907.039978,141.039993,841.700012,62.478001,24.15793,20.953051,143.850006,36.874451"
"224,""2017-04-11"",33.569126,61.363037,901.98999,141.419998,855.130005,60.287998,24.518679,20.761908,147.25,37.202686"
"225,""2017-04-18"",33.997524,63.284134,907.409973,145.470001,878.929993,61.605999,25.437853,21.50828,143.830002,37.384075"
"226,""2017-04-25"",34.693375,65.045944,948.22998,152.460007,932.820007,64.566002,26.349613,21.490076,155.350006,37.332249"
"227,""2017-05-02"",36.215271,64.605484,949.039978,151.059998,958.690002,61.438,25.393377,21.808643,156.380005,37.910976"
"228,""2017-05-09"",36.851952,64.127556,957.969971,150.190002,959.219971,63.175999,33.186573,21.89967,160.020004,37.77277"
"229,""2017-05-16"",36.59766,64.146294,970.669983,148.240005,964.070007,62.07,34.320713,20.971254,157.160004,38.161469"
"230,""2017-05-23"",36.507355,65.937141,995.780029,152.130005,993.27002,65.028,35.084064,21.153297,162.429993,39.206638"
"231,""2017-05-30"",36.583393,68.123734,1011.340027,153.630005,1003.880005,69.463997,36.610218,20.397823,165.059998,39.724907"
"232,""2017-06-06"",34.560894,65.767509,964.909973,148.440002,961.809998,71.802002,37.095016,21.715902,151.440002,39.154812"
"233,""2017-06-13"",34.779537,66.79483,995.169983,152.869995,975.219971,73.959999,38.913048,21.83462,153.399994,39.198002"
"234,""2017-06-20"",34.65596,66.47438,993.97998,153.589996,972.090027,75.498001,37.634243,20.903152,157.5,39.564133"
"235,""2017-06-27"",34.104588,64.250069,953.659973,148.429993,919.460022,70.524002,34.46323,22.537781,146.169998,38.980637"
"236,""2017-07-04"",34.475334,65.956001,996.469971,153.5,951,63.209999,38.017639,22.729553,152.669998,38.649704"
"237,""2017-07-11"",35.544815,69.13221,1010.039978,159.729996,975.960022,63.914001,40.627182,21.935066,161.699997,38.95451"
"238,""2017-07-18"",36.146099,69.367851,1038.949951,166,998.309998,68.503998,41.097149,21.83462,187.910004,39.050308"
"239,""2017-07-25"",35.347557,68.519585,987.780029,169.25,945.5,64.694,40.196793,22.02639,181.660004,39.921188"
"240,""2017-08-01"",37.743191,68.236862,992.27002,171.979996,945.75,71.033997,42.630711,22.793476,181.330002,39.747017"
"241,""2017-08-08"",37.990364,69.358406,983.299988,170.75,938.929993,72.760002,41.653675,22.30035,171,39.886356"
"242,""2017-08-15"",37.509655,68.001221,953.289978,167.779999,920.869995,67.571999,39.365688,21.350622,166.759995,39.781853"
"243,""2017-08-22"",38.526073,69.007843,946.02002,167.240005,928.130005,69.132004,40.805267,21.661106,167.119995,39.555416"
"244,""2017-08-29"",39.141651,70.059586,978.25,172.020004,951.98999,71.080002,42.200344,21.998995,174.740005,39.868938"
"245,""2017-09-05"",38.533234,70.83654,977.960022,173.509995,943.289978,72.737999,41.838882,21.441473,181.740005,40.513386"
"246,""2017-09-12"",37.858006,71.215561,974.190002,170.009995,929.75,77,46.431267,22.671423,184.619995,40.156334"
"247,""2017-09-19"",35.920612,69.41526,939.789978,162.869995,934.280029,68.998001,42.334023,22.726494,178.550003,40.107162"
"248,""2017-09-26"",36.698433,70.694427,959.190002,169.470001,967.469971,68.306,44.314568,23.515863,177.009995,39.325924"
"249,""2017-10-03"",37.182781,72.286255,990.98999,172.5,992.309998,68.587997,45.896519,23.726974,196.869995,39.861382"
"250,""2017-10-10"",38.146709,73.574875,1006.340027,174.520004,1009.349976,70.120003,49.001011,24.084942,202.679993,40.923534"
"251,""2017-10-17"",37.26152,74.692955,966.299988,171.270004,985.539978,67.403999,48.676701,24.929386,192.470001,40.660194"
"252,""2017-10-24"",39.778702,79.487404,1110.849976,179.869995,1033.130005,64.015999,50.464138,25.333248,198.369995,40.256397"
"253,""2017-10-31"",41.575325,80.036949,1120.660034,180.169998,1042.680054,60.556,51.897556,25.470926,200.130005,39.914051"
"254,""2017-11-07"",41.50853,79.525291,1129.170044,178.770004,1041.199951,63.080002,52.640251,24.2318,195.080002,41.011311"
"255,""2017-11-14"",40.702324,78.198753,1126.310059,178.740005,1034.660034,61.748001,52.999229,24.543882,194.100006,39.905266"
"256,""2017-11-21"",41.686474,79.867546,1195.829956,183.029999,1072.01001,63.362,53.01408,24.406199,195.050003,40.291512"
"257,""2017-11-28"",40.659222,77.210701,1133.949951,171.470001,1011.869995,61.040001,46.243038,26.673332,184.039993,40.581188"
"258,""2017-12-05"",41.346455,81.162643,1168.920044,179.039993,1051.969971,65.781998,48.224949,26.676392,186.220001,40.11739"
"259,""2017-12-12"",42.244408,82.257774,1190.579956,180.820007,1085.089966,67.774002,49.027626,27.174152,190.419998,40.648384"
"260,""2017-12-19"",41.906769,81.429298,1168.359985,177.199997,1068.859985,65.040001,48.376072,27.542866,189.940002,40.347492"
"261,""2017-12-26"",40.522728,81.45787,1169.469971,176.460007,1053.400024,62.27,47.937572,27.211027,191.960007,40.604141"
"262,""2018-01-02"",41.748737,84.067093,1246.869995,188.279999,1114.209961,67.281998,54.99815,27.764101,212.050003,40.710339"
"263,""2018-01-09"",42.404831,85.324097,1305.199951,179.369995,1130.650024,67.244003,55.240925,28.750404,221.229996,40.843086"
"264,""2018-01-16"",42.383286,87.238197,1327.310059,185.369995,1164.160034,70.311996,57.894215,29.441742,227.580002,41.931648"
"265,""2018-01-23"",40.218628,89.437935,1417.680054,185.979996,1186.47998,69.905998,61.154469,29.755142,284.589996,42.214851"
"266,""2018-01-30"",37.472099,83.800453,1390,181.259995,1062.390015,66.625999,52.941906,27.893143,254.259995,39.727982"
"267,""2018-02-06"",38.961498,84.876518,1386.22998,176.410004,1054.560059,63.146,56.492016,28.685877,257.950012,38.913776"
"268,""2018-02-13"",41.457317,87.609566,1448.689941,177.360001,1095.5,67.098,60.408768,29.469393,278.519989,39.807636"
"269,""2018-02-20"",43.029736,91.293205,1521.949951,184.929993,1143.699951,71.484001,61.087585,29.884195,294.160004,38.966877"
"270,""2018-02-27"",42.51281,89.590187,1523.609985,180.399994,1094.76001,66.669998,58.416065,29.616879,315,38.842972"
"271,""2018-03-06"",43.690918,92.584808,1598.390015,184.759995,1165.930054,69.101997,61.913834,30.384932,321.299988,39.409378"
"272,""2018-03-13"",42.147358,88.872627,1544.930054,172.559998,1100.069946,62.712002,59.742294,29.589224,313.480011,38.285419"
"273,""2018-03-20"",41.539078,89.724121,1555.859985,160.059998,1054.089966,60.835999,60.604965,28.164351,320.350006,38.114475"
"274,""2018-03-27"",40.074852,84.691635,1371.98999,155.389999,1012.630005,50.495998,54.796825,27.118826,280.290009,38.096619"
"275,""2018-04-03"",40.885109,86.844292,1406.079956,157.929993,1020.090027,57.931999,53.398708,27.636965,289.929993,39.132294"
"276,""2018-04-10"",42.272385,90.097252,1441.5,164.830002,1046.099976,58.242001,57.38483,27.692476,307.779999,39.891186"
"277,""2018-04-17"",39.728634,91.226234,1517.859985,165.839996,1073.810059,56.674,55.498371,28.053324,318.690002,39.266216"
"278,""2018-04-24"",39.73344,89.475357,1566.130005,172,1018.580017,58.779999,55.751209,27.683226,312.459991,38.578739"
"279,""2018-05-01"",44.517994,92.058594,1600.140015,177.970001,1059.459961,60.554001,61.646118,27.42416,326.26001,37.623425"
"280,""2018-05-08"",45.236877,93.790321,1601.540039,186.639999,1106.599976,58.394001,63.302052,28.793518,328.529999,37.534145"
"281,""2018-05-15"",45.285812,93.378922,1585.459961,184.490005,1084.01001,56.897999,60.545475,28.266129,331.820007,37.864483"
"282,""2018-05-22"",45.515095,94.513939,1610.150024,184.919998,1084.079956,55.77,61.794849,27.905283,351.290009,37.855568"
"283,""2018-05-29"",46.299507,97.694511,1665.27002,193.279999,1153.040039,59.348,65.69516,27.202103,361.809998,38.828739"
"284,""2018-06-05"",46.154701,97.098755,1689.119995,191.539993,1140.900024,66.419998,64.645912,27.926394,361.450012,39.400143"
"285,""2018-06-12"",45.553722,96.916176,1723.790039,198.309998,1183.579956,74.166,65.7547,27.313244,390.399994,38.882298"
"286,""2018-06-19"",43.968006,94.54277,1663.150024,196.350006,1139.280029,66.601997,59.31292,26.45854,384.480011,39.255619"
"287,""2018-06-26"",45.177197,96.099434,1713.780029,197.360001,1142.109985,67.014,60.086826,26.272739,398.179993,39.408745"
"288,""2018-07-03"",45.997822,97.867477,1739.02002,204.740005,1167.280029,63.702,61.82563,26.988085,418.970001,39.994251"
"289,""2018-07-10"",46.077465,100.807823,1822.48999,207.229996,1196.51001,62.02,61.565186,27.666269,400.480011,40.291508"
"290,""2018-07-17"",46.246414,103.748161,1802,210.910004,1211,60.639999,61.865314,28.567423,362.660004,40.489674"
"291,""2018-07-24"",45.836109,101.24984,1779.219971,171.059998,1230.040039,58.034,60.555637,29.087673,334.959991,41.642666"
"292,""2018-07-31"",50.460503,103.901909,1847.75,185.690002,1237.670044,68.398003,63.011284,29.282768,350.920013,42.020985"
"293,""2018-08-07"",50.412239,103.978775,1896.199951,180.050003,1248.640015,71.281998,63.529716,28.316586,341.309998,41.282356"
"294,""2018-08-14"",52.185162,102.691185,1876.709961,172.5,1221.949951,61.688,61.47588,28.678905,327.730011,42.093044"
"295,""2018-08-21"",52.785824,105.719704,1927.680054,177.460007,1256.27002,63.854,68.436066,29.087673,364.579987,41.156246"
"296,""2018-08-28"",55.132771,108.353065,2012.709961,175.729996,1231.800049,60.332001,69.621735,28.734644,367.679993,40.147385"
"297,""2018-09-04"",52.88028,105.507507,1939.01001,164.179993,1175.060059,57.099998,68.183144,28.632452,348.410004,41.489532"
"298,""2018-09-11"",52.771294,108.169785,1908.030029,160.580002,1159.829956,58.967999,67.984589,28.266769,350.350006,41.723728"
"299,""2018-09-18"",53.476101,110.610207,1934.359985,165.410004,1179.560059,59.936001,65.942039,28.696182,369.609985,41.851521"
"300,""2018-09-25"",55.043159,111.51693,2004.359985,162.440002,1208.530029,62.139999,71.814041,27.678654,381.429993,41.996872"
"301,""2018-10-02"",54.197872,106.925453,1864.420044,157.25,1155.920044,50.112,65.959419,28.257429,349.100006,42.223984"
"302,""2018-10-09"",52.645351,103.790504,1760.949951,153.520004,1102.439941,51.917999,58.417164,26.063677,333.130005,40.797741"
"303,""2018-10-16"",53.442188,105.74865,1789.300049,154.779999,1111.369995,52.189999,57.38472,25.559578,329.540009,41.760681"
"304,""2018-10-23"",51.405266,100.173279,1538.880005,142.089996,1034.72998,66.970001,46.0676,24.840776,284.839996,42.205814"
"305,""2018-10-30"",48.825794,103.703712,1627.800049,148.679993,1055.72998,68.279999,52.557575,26.194368,315.440002,44.231617"
"306,""2018-11-06"",47.028637,103.086372,1636.849976,141.550003,1049.359985,66.255997,47.040478,25.90498,294.070007,45.303574"
"307,""2018-11-13"",45.173008,100.916016,1512.290039,131.550003,1027.420044,70.694,35.911983,25.90498,270.600006,45.884964"
"308,""2018-11-20"",42.441132,103.144211,1581.329956,136.380005,1055.939941,69.199997,37.984306,25.72761,261.429993,44.39513"
"309,""2018-11-27"",44.920242,108.588646,1772.359985,141.089996,1116.359985,71.697998,42.200932,26.642456,290.299988,45.140049"
"310,""2018-12-04"",41.221031,104.22921,1641.030029,141.850006,1053.180054,73.029999,37.726681,23.113775,269.700012,45.084976"
"311,""2018-12-11"",39.845383,99.676025,1520.910034,140.190002,1025.650024,69.683998,35.669678,22.970718,262.799988,44.251759"
"312,""2018-12-18"",35.686821,91.189674,1343.959961,124.059998,984.669983,59.077999,31.570566,21.337326,233.880005,42.081753"
"313,""2018-12-25"",38.338482,98.39727,1501.969971,131.089996,1044.959961,66.559998,33.165493,23.130299,267.660004,43.35445"
"314,""2019-01-01"",35.954174,98.871964,1629.51001,138.050003,1075.920044,66.991997,35.62495,23.993935,315.339996,42.988216"
"315,""2019-01-08"",36.457287,98.862282,1617.209961,145.389999,1051.51001,66.879997,37.373905,24.754307,332.940002,43.171337"
"316,""2019-01-15"",38.114872,104.345474,1696.199951,150.039993,1107.300049,60.452,38.986217,27.504786,339.100006,43.592518"
"317,""2019-01-22"",37.988491,101.797623,1637.890015,147.470001,1079.859985,59.276001,34.285915,27.814562,335.660004,43.189644"
"318,""2019-01-29"",41.622059,102.436996,1633.310059,169.25,1141.420044,62.577999,37.060886,27.110518,351.339996,45.094131"
"319,""2019-02-05"",41.179707,101.962311,1591,165.789993,1102.119995,62.568001,36.382668,26.669313,345.730011,45.423748"
"320,""2019-02-12"",41.59798,104.839554,1607.949951,162.5,1119.630005,61.576,39.088081,27.326426,356.869995,41.422504"
"321,""2019-02-19"",42.527962,108.104271,1633,164.619995,1117.329956,59.754002,39.423458,27.476624,363.910004,41.14782"
"322,""2019-02-26"",42.923397,109.217789,1696.170044,167.369995,1153.420044,57.071999,38.948959,27.251328,351.040009,41.797909"
"323,""2019-03-05"",43.667866,109.772339,1670.619995,172.070007,1179.26001,58.183998,40.073372,27.305542,358.859985,42.28318"
"324,""2019-03-12"",45.893978,114.383896,1742.150024,160.470001,1188.550049,53.897999,42.015614,28.135841,363.440002,41.578159"
"325,""2019-03-19"",46.069729,114.471458,1774.26001,166.289993,1197.380005,52.084,43.216778,25.324148,366.230011,42.51376"
"326,""2019-03-26"",46.679958,115.794594,1814.189941,168.699997,1198.97998,57.835999,45.330612,26.928135,366.959991,43.151062"
"327,""2019-04-02"",48.842594,116.679947,1849.859985,174.929993,1208.280029,54.639999,47.695618,27.522554,361.410004,42.994049"
"328,""2019-04-09"",48.630238,117.769592,1844.869995,179.649994,1226.530029,53.276001,45.93243,28.154713,348.869995,43.409668"
"329,""2019-04-16"",49.923927,120.406143,1887.310059,181.440002,1253.76001,52.549999,46.869984,28.352854,377.339996,43.779118"
"330,""2019-04-23"",49.943451,126.253288,1938.430054,194.779999,1296.199951,48.293999,44.596981,29.032187,371.829987,44.721191"
"331,""2019-04-30"",50.888084,124.67717,1950.550049,193.880005,1193.459961,51.068001,44.726303,28.749132,378.670013,44.76738"
"332,""2019-05-07"",45.332569,120.007271,1822.680054,181.539993,1136.589966,45.402,39.404408,26.654514,345.26001,44.379463"
"333,""2019-05-14"",44.86272,122.799484,1858.969971,182.720001,1144.660034,41.071999,37.738201,26.796038,348.109985,45.118347"
"334,""2019-05-21"",43.853188,123.273567,1823.280029,181.059998,1138.609985,38.125999,36.096874,26.588465,354.390015,45.82029"
"335,""2019-05-28"",42.46386,117.023972,1692.689941,164.149994,1038.73999,35.793999,33.26931,25.17318,336.630005,46.162022"
"336,""2019-06-04"",47.188057,129.4841,1860.630005,174.820007,1082.76001,42.576,36.954704,26.484676,352.01001,47.455074"
"337,""2019-06-11"",47.509048,129.728256,1886.030029,189.009995,1093.890015,45.006001,36.1082,26.49498,350.619995,46.984035"
"338,""2019-06-18"",48.658249,134.542404,1913.900024,192.600006,1116.699951,44.728001,38.007843,26.542408,371.040009,48.328167"
"339,""2019-06-25"",49.38599,132.491745,1922.189941,193,1100,45.433998,41.371441,27.908424,374.600006,48.030312"
"340,""2019-07-02"",49.011089,133.741684,1952.319946,195.759995,1116.790039,46.068001,39.140659,27.699728,376.160004,48.402637"
"341,""2019-07-09"",50.282799,135.636093,2020.98999,203.910004,1150.51001,50.700001,41.645306,27.7187,366.600006,48.523643"
"342,""2019-07-16"",50.775307,135.177124,1985.630005,202.320007,1139.209961,51.136002,42.653633,28.050714,310.619995,47.676598"
"343,""2019-07-23"",51.378082,137.716019,1912.449951,195.940002,1241.839966,47.153999,43.525032,28.951908,332.700012,50.254978"
"344,""2019-07-30"",47.374279,129.103287,1765.130005,181.729996,1154.75,45.664001,37.542263,26.637272,307.630005,48.076859"
"345,""2019-08-06"",49.123798,132.599152,1784.920044,185.369995,1174.5,45.801998,37.706589,26.219877,310.829987,49.51963"
"346,""2019-08-13"",51.738087,135.157608,1816.119995,186.169998,1200.439941,45.366001,42.519196,25.868887,309.380005,50.906551"
"347,""2019-08-20"",50.788681,132.707596,1768.869995,180.360001,1171.180054,43,41.192177,25.404068,294.980011,50.766922"
"348,""2019-08-27"",51.342091,135.068817,1776.290039,185.669998,1190.530029,45.122002,41.705055,26.09656,293.75,51.232338"
"349,""2019-09-03"",52.677662,134.735687,1831.349976,188.759995,1205.27002,46.358002,44.983669,27.159014,294.339996,50.748306"
"350,""2019-09-10"",54.087021,133.569794,1807.839966,186.220001,1231.630005,48.562,44.9114,28.770329,294.290009,50.227047"
"351,""2019-09-17"",53.796795,136.322906,1785.300049,186.820007,1234.689941,48.245998,43.573105,28.187857,265.920013,50.763046"
"352,""2019-09-24"",55.088093,136.215103,1735.910034,178.080002,1221.140015,48.174,43.381207,27.853653,267.619995,51.044331"
"353,""2019-10-01"",55.84811,134.343781,1732.660034,179.679993,1208.25,47.543999,45.938168,27.032457,274.459991,50.509892"
"354,""2019-10-08"",58.015041,136.724594,1736.430054,183.279999,1217.77002,51.391998,46.486443,27.825005,285.529999,49.975445"
"355,""2019-10-15"",59.156296,135.627228,1785.660034,189.759995,1244.280029,50.700001,48.849018,29.620167,278.049988,50.847431"
"356,""2019-10-22"",61.256817,141.270645,1777.079956,189.399994,1288.97998,65.542,51.535583,30.40316,281.859985,50.228603"
"357,""2019-10-29"",63.335197,141.623352,1804.660034,194.720001,1289.609985,63.493999,52.460182,30.937891,292.859985,49.82542"
"358,""2019-11-05"",64.491219,143.151779,1771.650024,189.610001,1298.280029,69.017998,51.881996,31.68269,294.179993,48.606503"
"359,""2019-11-12"",65.893661,147.296127,1752.530029,197.399994,1319.839966,69.998001,52.903786,31.472622,302.570007,49.722279"
"360,""2019-11-19"",65.71357,148.168091,1773.839966,199.789993,1305.640015,67.267998,55.129295,31.959599,315.549988,49.900429"
"361,""2019-11-26"",65.168373,147.020706,1781.599976,199.699997,1288.859985,66.973999,52.148651,31.92141,309.98999,50.397373"
"362,""2019-12-03"",65.849258,148.800095,1749.51001,201.339996,1342.98999,67.905998,52.91539,31.997797,302.5,51.076107"
"363,""2019-12-10"",69.04155,152.899551,1769.209961,197.919998,1360.699951,76.300003,56.152611,33.314995,304.209991,51.406723"
"364,""2019-12-17"",70.062897,154.747772,1793,206.179993,1350.630005,83.844002,59.561924,33.766235,333.100006,51.869591"
"365,""2019-12-24"",71.918076,154.924713,1846.890015,204.410004,1339.709961,82.940002,57.940815,33.747036,323.309998,52.209663"
"366,""2019-12-31"",73.96077,156.340378,1902.880005,212.600006,1397.810059,90.307999,59.122974,33.459003,335.829987,51.642879"
"367,""2020-01-07"",78.194153,160.518509,1891.300049,221.910004,1440.030029,104.972,62.844032,33.660625,338.920013,53.022045"
"368,""2020-01-14"",78.630814,164.27388,1864.719971,222.139999,1479.52002,102.099998,62.17065,33.324593,339.670013,53.787189"
"369,""2020-01-21"",76.218086,159.5354,1828.339966,214.869995,1431.72998,111.603996,59.906094,31.538832,342.880005,54.297291"
"370,""2020-01-28"",76.146538,171.430771,2004.199951,204.190002,1482.599976,156,59.938519,31.654047,358,55.33638"
"371,""2020-02-04"",79.326508,185.508545,2133.909912,213.059998,1508.660034,154.255997,65.584946,33.305393,371.070007,56.441597"
"372,""2020-02-11"",80.355545,182.215225,2134.870117,214.179993,1518.72998,160.005997,72.273888,33.459003,380.399994,56.630527"
"373,""2020-02-18"",73.735695,167.999786,2009.290039,200.720001,1419.859985,166.757996,68.156281,31.423626,368.700012,55.402508"
"374,""2020-02-25"",73.891472,170.331619,1953.949951,196.440002,1386.319946,148.723999,68.941872,28.197735,381.049988,52.823669"
"375,""2020-03-03"",65.820076,148.477036,1800.609985,169.5,1215.790039,121.599998,61.249565,21.054693,346.48999,48.988472"
"376,""2020-03-10"",59.895115,133.493301,1689.150024,146.009995,1073,89.014,49.011627,19.749382,298.839996,42.753918"
"377,""2020-03-17"",55.483528,134.045319,1902.829956,148.100006,1054.130005,86.858002,53.076797,17.46912,360.269989,35.791443"
"378,""2020-03-24"",63.010906,157.950302,1963.949951,165.949997,1146.310059,100.426003,66.278,21.295321,370.959991,42.881119"
"379,""2020-03-31"",64.905121,162.918594,1997.589966,165.550003,1183.189941,103.248001,66.979225,20.667282,379.959991,44.472481"
"380,""2020-04-07"",67.570862,163.155197,2168.870117,174.789993,1210.410034,130.190002,67.341087,23.111799,396.720001,44.720238"
"381,""2020-04-14"",68.480873,172.569305,2393.610107,178.240005,1261.150024,149.272003,71.633339,21.73978,437.48999,44.339077"
"382,""2020-04-21"",70.023941,171.573685,2376,187.5,1270.859985,159.75,74.13633,22.677002,421.380005,44.577301"
"383,""2020-04-28"",72.494324,176.295517,2315.98999,205.259995,1322.900024,152.238007,72.691437,22.155247,428.149994,43.014526"
"384,""2020-05-05"",77.89753,184.083145,2409,213.179993,1403.589966,162.257996,80.509842,21.817076,440.519989,43.395691"
"385,""2020-05-12"",78.095993,182.27919,2426.26001,213.190002,1385.180054,162.725998,87.345032,22.155247,452.579987,42.852535"
"386,""2020-05-19"",79.070457,180.899078,2436.879883,234.910004,1413.23999,163.376007,90.100052,21.894371,429.320007,42.909702"
"387,""2020-05-26"",79.804398,180.730728,2471.040039,231.910004,1434.869995,179.619995,87.904015,23.778486,425.920013,44.777416"
"388,""2020-06-02"",82.683159,186.19722,2524.060059,231.399994,1448.040039,189.983994,87.891533,27.575703,419.48999,47.50275"
"389,""2020-06-09"",85.046173,186.770569,2572.679932,232.5,1420.73999,198.179993,91.614182,24.469709,425.5,44.119904"
"390,""2020-06-16"",88.983696,198.267029,2713.820068,239.220001,1450.660034,198.863998,95.139435,23.954048,468.040009,43.982254"
"391,""2020-06-23"",89.705254,196.161484,2680.379883,220.639999,1397.170044,201.869995,91.876335,22.757317,447.23999,42.655285"
"392,""2020-06-30"",92.698067,208.280731,3057.040039,240.279999,1499.650024,274.31601,98.260246,23.020014,493.809998,43.491848"
"393,""2020-07-07"",94.696602,204.692383,3104,239,1512.22998,299.411987,100.387383,23.535681,525.5,43.511078"
"394,""2020-07-14"",97.553047,209.17038,3196.840088,245.419998,1563.839966,328.600006,104.966209,22.942179,502.410004,44.347645"
"395,""2020-07-21"",94.034546,201.509369,3055.209961,233.5,1529.430054,307.920013,104.074913,23.487032,495.649994,46.616955"
"396,""2020-07-28"",108.046501,214.05365,3111.889893,251.960007,1482.76001,297,109.954491,24.314039,498.619995,44.520729"
"397,""2020-08-04"",111.805511,205.858841,3148.159912,263,1496.819946,283.713989,111.499924,25.84157,483.380005,45.886158"
"398,""2020-08-11"",113.875069,207.86554,3182.409912,261.160004,1516.23999,367.127991,123.20417,25.199423,482.350006,46.357327"
"399,""2020-08-18"",125.053177,211.236389,3307.459961,271.390015,1585.150024,402.839996,127.031509,24.995106,488.809998,46.126553"
"400,""2020-08-25"",128.215347,223.479355,3450.959961,293.200012,1629.530029,498.320007,133.565216,25.043751,529.559998,47.626598"
"401,""2020-09-01"",120.186981,212.301926,3294.620117,282.730011,1581.209961,418.320007,126.055321,25.822115,516.049988,49.078575"
"402,""2020-09-08"",114.622765,203.542297,3102.969971,266.149994,1508.829956,419.619995,128.587921,25.228003,476.26001,48.761253"
"403,""2020-09-15"",109.376511,200.698364,2960.469971,248.149994,1430.140015,449.390015,125.041641,23.973951,487.350006,47.585613"
"404,""2020-09-22"",114.225311,207.535645,3174.050049,256.820007,1458.660034,421.200012,130.21373,23.601654,490.649994,47.769787"
"405,""2020-09-29"",115.755478,208.467117,3199.199951,264.649994,1482.829956,425.679993,136.282379,24.120911,520.650024,47.86673"
"406,""2020-10-06"",123.604996,219.386887,3442.929932,275.75,1564.589966,442.299988,142.111282,25.159422,539.809998,49.524323"
"407,""2020-10-13"",115.2388,212.272186,3207.209961,261.399994,1529.949951,430.829987,134.83638,23.239153,530.719971,48.099369"
"408,""2020-10-20"",114.314751,208.16983,3207.040039,277.109985,1584.290039,420.279999,131.275116,24.042534,488.23999,48.273853"
"409,""2020-10-27"",108.074883,200.490311,3004.47998,261.359985,1624.319946,400.51001,125.675987,23.591858,484.119995,47.130016"
"410,""2020-11-03"",115.57663,216.404282,3143.73999,278.769989,1761.420044,421.26001,136.165009,27.197258,470.5,50.958965"
"411,""2020-11-10"",119.737419,215.254822,3131.060059,278.959991,1774.030029,408.089996,135.011215,27.020908,479.100006,52.199734"
"412,""2020-11-17"",113.317581,208.199539,3098.389893,268.429993,1727.560059,521.849976,131.262634,26.834759,476.619995,51.065598"
"413,""2020-11-24"",118.493263,212.678909,3168.040039,276.970001,1754.400024,567.599976,133.874893,27.589148,490.700012,50.018688"
"414,""2020-12-01"",123.171288,212.897461,3158,285.579987,1817.030029,641.76001,135.925247,28.500296,515.780029,51.768856"
"415,""2020-12-08"",121.210495,212.808044,3156.969971,274.190002,1752.26001,639.830017,132.98764,27.820253,522.419983,52.0424"
"416,""2020-12-15"",127.630325,221.143539,3206.179932,272.790009,1734.560059,649.859985,133.222458,29.318722,528.909973,51.593002"
"417,""2020-12-22"",136.050766,223.498138,3283.959961,277,1773.959961,663.690002,128.903214,29.703197,519.119995,52.911888"
"418,""2020-12-29"",128.804825,216.275375,3186.629883,268.940002,1726.130005,729.77002,131.036606,29.604614,522.859985,51.544151"
"419,""2021-01-05"",128.376831,216.076675,3114.209961,256.839996,1756.290039,811.190002,136.112808,32.601551,499.100006,49.043148"
"420,""2021-01-12"",126.545425,211.268112,3104.25,251.360001,1727.619995,826.159973,128.49852,32.542397,497.980011,47.577713"
"421,""2021-01-19"",142.251633,228.038437,3294,278.01001,1894.280029,880.799988,136.430069,30.718605,556.780029,47.655869"
"422,""2021-01-26"",133.51268,238.092667,3342.879883,262.01001,1893.069946,839.809998,132.270676,29.535604,539.039978,47.362782"
"423,""2021-02-02"",136.269745,240.894348,3322.939941,266.579987,2084.52002,863.419983,144.27916,32.621265,547.919983,48.7696"
"424,""2021-02-09"",134.938263,243.397995,3277.709961,270.5,2095.030029,816.119995,149.500259,32.897301,556.52002,49.521854"
"425,""2021-02-16"",125.598167,232.986069,3180.73999,260.329987,2054.26001,714.5,143.449799,34.652088,533.780029,49.463238"
"426,""2021-02-23"",127.382462,235.942459,3146.139893,264.910004,2069.659912,718.429993,138.313644,35.283024,550.640015,48.750061"
"427,""2021-03-02"",115.988907,226.432663,2951.949951,255.309998,2007.5,563,115.84552,36.604038,493.329987,50.449959"
"428,""2021-03-09"",123.594574,233.821411,3081.679932,273.75,2054.439941,707.940002,131.813522,37.400101,520.25,49.854019"
"429,""2021-03-16"",122.99649,234.99646,3110.870117,293.540009,2030.689941,670,131.809036,37.310932,523.109985,50.239422"
"430,""2021-03-23"",121.002861,234.249619,3075.72998,290.820007,2045.790039,611.289978,129.430008,37.954914,513.950012,53.046921"
"431,""2021-03-30"",125.498489,248.021393,3226.72998,308.910004,2218.959961,691.049988,139.818298,39.431099,540.669983,52.02243"
"432,""2021-04-06"",130.821457,254.832581,3379.389893,311.540009,2244.620117,701.97998,152.028351,39.68869,552.780029,52.554379"
"433,""2021-04-13"",134.409958,257.650665,3372.01001,302.23999,2289.76001,714.630005,153.555222,38.806938,554.440002,53.194683"
"434,""2021-04-20"",134.290359,260.448822,3409,303.040009,2309.929932,738.200012,154.717255,39.044716,510.299988,52.859753"
"435,""2021-04-27"",132.117294,250.799637,3386.48999,322.579987,2343.080078,684.900024,148.307358,40.184059,509.109985,53.667526"
"436,""2021-05-04"",126.445457,246.139328,3190.48999,305.970001,2291.75,629.039978,142.59967,41.660244,486.690002,54.09111"
"437,""2021-05-11"",126.081093,244.147751,3270.389893,315.459991,2288.919922,576.830017,141.597565,42.343853,488.940002,53.825142"
"438,""2021-05-18"",126.909851,249.724182,3244.98999,324.630005,2361.040039,606.440002,156.056702,42.234871,502.899994,53.98275"
"439,""2021-05-25"",124.423584,249.202911,3223.070068,328.730011,2356.850098,625.219971,162.37915,41.997093,502.809998,54.465446"
"440,""2021-06-01"",125.711655,253.325027,3198.01001,336.579987,2402.300049,605.130005,176.118576,42.720325,494.660004,55.204258"
"441,""2021-06-08"",130.28479,259.393433,3383.870117,336.769989,2448.909912,617.690002,180.114456,41.149132,499.890015,54.721569"
"442,""2021-06-15"",132.102081,262.128174,3453.959961,332.290009,2436.25,620.830017,184.240021,39.54734,497,53.952808"
"443,""2021-06-22"",134.578369,268.206543,3443.889893,355.640015,2450.719971,688.719971,199.814774,41.348114,533.030029,53.853558"
"444,""2021-06-29"",139.750626,277.119476,3510.97998,354.700012,2505.149902,678.900024,204.833878,40.940205,533.97998,53.774158"
"445,""2021-07-06"",144.283829,276.790131,3718.550049,353.160004,2539.51001,685.700012,205.088837,40.422855,537.309998,54.071911"
"446,""2021-07-13"",142.236893,276.480713,3549.590088,336.950012,2491.560059,646.219971,187.764389,36.741718,532.280029,55.312546"
"447,""2021-07-20"",148.76712,288.497681,3699.820068,372.459991,2680.699951,657.619995,192.905991,37.9356,516.48999,56.632587"
"448,""2021-07-27"",145.302307,284.275787,3331.47998,351.950012,2697.090088,709.669983,197.465179,37.766464,515.150024,56.453934"
"449,""2021-08-03"",145.871445,287.779053,3341.870117,361.609985,2738.26001,713.76001,202.914215,40.46265,519.969971,56.225658"
"450,""2021-08-10"",151.119995,294.037109,3298.98999,366.559998,2766.189941,686.169983,199.464828,41.079491,517.919983,57.049438"
"451,""2021-08-17"",149.710007,304.067871,3265.870117,363.350006,2800.830078,706.299988,219.54129,40.701427,553.330017,56.017227"
"452,""2021-08-24"",153.119995,303.589996,3421.570068,380.660004,2891.810059,730.909973,226.839996,41.447601,566.179993,55.759178"
"453,""2021-08-31"",154.300003,301.140015,3478.050049,376.26001,2874.790039,733.570007,228.389725,40.840714,590.530029,56.305058"
"454,""2021-09-07"",149.550003,296.98999,3457.169922,376.51001,2846.649902,743,221.520004,40.939999,589.289978,55.650002"
"455,""2021-09-14"",142.940002,294.299988,3355.72998,355.700012,2774.389893,730.169983,211.130005,39.110001,575.429993,53.655056"
"456,""2021-09-21"",145.369995,294.170013,3405.800049,353.579987,2821.439941,791.359985,216.600006,43.259998,592.640015,53.610001"
"457,""2021-09-28"",139.139999,283.109985,3189.780029,326.230011,2673.189941,781.530029,197.320007,43.34,603.349976,52.990002"
"458,""2021-10-05"",142.809998,294.230011,3246.300049,325.450012,2778.280029,791.940002,206.949997,43.779999,627.039978,54.23"
"459,""2021-10-12"",144.839996,304.209991,3409.02002,324.76001,2827.360107,843.030029,218.619995,46.369999,628.289978,54.48"
"460,""2021-10-15"",144.839996,304.209991,3409.02002,324.76001,2827.360107,843.030029,218.619995,46.369999,628.289978,54.48"